whpm,whpm_r,mph,peakp,packmission,packreserve
996.649593237534,976.588235286543,115.268472167768,770.631899403647,249.162398309384,295.214997458102
