whpm,whpm_r,mph,peakp,packmission,packreserve
856.104735794939,838.872376834624,115.268472167768,661.959452058767,214.026183948735,253.584568855924
