whpm,whpm_r,mph,peakp,packmission,packreserve
139.795487158063,129.210635251252,116.753860310956,79.8949082058899,13.9795487158063,20.0286513984096
