whpm,whpm_r,mph,peakp,packmission,packreserve
684.641158357389,656.208252930671,160.806888808351,445.735104199053,102.696173753608,151.581034054359
