whpm,whpm_r,mph,peakp,packmission,packreserve
678.48615353718,657.132435681981,118.050455921834,445.735104199053,101.772923030577,137.659943101319
