whpm,whpm_r,mph,peakp,packmission,packreserve
1517.6272108046,1345.68406638412,156.448301316514,2821.77118724052,227.644081620689,292.519251669134
