whpm,whpm_r,mph,peakp,packmission,packreserve
1868.46218579808,1878.27972574456,163.483161759336,2543.66393080576,305.960682924435,309.851796917064
