whpm,whpm_r,mph,peakp,packmission,packreserve
833.205279287597,732.926462371287,118.969340633484,393.774621589619,49.9923167572558,87.3325093245138
