whpm,whpm_r,mph,peakp,packmission,packreserve
822.714921597402,720.083165010598,118.969340633484,420.026263028927,49.3628952958441,85.7901681623586
